4.898305084745763;2.6446522501461143;59
5.566666666666666;8.995480225988704;60
7.403846153846154;38.91214177978884;52
13.959183673469386;125.20663265306125;49
10.10204081632653;111.13520408163265;49
4.517857142857143;0.7996753246753249;56
4.625;7.475;56
6.7;56.01016949152541;60
4.462962962962964;1.3476589797344503;54
15.914893617021276;145.9491211840887;47
11.89090909090909;146.95084175084173;55
10.719298245614036;140.56265664160384;57
5.065573770491803;4.062295081967212;61
4.254237288135593;0.6411455289304496;59
12.53061224489796;106.25425170068029;49
12.890909090909092;187.17306397306402;55
8.133333333333333;52.15141242937845;60
5.063492063492063;9.286226318484395;63
5.17910447761194;23.96743554952508;67
9.610169491525422;95.65575686732902;59
12.730769230769232;112.00452488687783;52
10.322033898305085;125.80829924021019;59
6.214285714285714;22.971428571428575;56
5.206896551724138;3.535390199637024;58
7.5;38.07272727272727;56
12.72;81.47102040816324;50
10.475409836065573;116.52021857923492;61
7.118644067796611;36.209818819403864;59
6.0892857142857135;22.919155844155835;56
7.440677966101695;62.664523670368254;59
15.53191489361702;148.51526364477334;47
9.596774193548388;64.60523532522477;62
9.714285714285714;106.97142857142849;56
6.147540983606557;19.327868852459016;61
7.6617647058823515;50.19732221246707;68
10.492307692307692;30.53509615384615;65
7.970588235294118;60.83494293239688;68
5.661538461538461;25.821153846153837;65
5.435483870967742;13.364621893178226;62
9.796875;97.4342757936508;64
15.847457627118644;138.68322618351837;59
9.180327868852459;67.81693989071043;61
5.555555555555555;18.734767025089607;63
4.754098360655737;5.788524590163936;61
6.333333333333334;39.649717514124276;60
8.06451612903226;64.45478582760443;62
7.114754098360656;73.33661202185792;61
5.17910447761194;15.028041610131158;67
6.919354838709678;69.22289793759916;62
5.777777777777777;17.562724014336922;63
14.016129032258064;113.45875198307775;62
11.45;54.048305084745756;60
6.806451612903226;38.91274457958753;62
4.721311475409836;0.8377049180327866;61
5.7;22.925423728813588;60
11.719298245614034;105.27694235588966;57
15.280701754385966;85.24122807017538;57
11.114754098360656;61.60327868852461;61
12.875;70.91136363636363;56
10.773584905660377;59.14005805515242;53
14.754716981132075;74.91944847605225;53
16.333333333333336;127.86904761904759;57
9.87037037037037;85.66212438853947;54
12.473684210526315;77.07518796992483;57
11.280701754385966;61.955513784461154;57
8.875;46.76590909090909;56
12.293103448275865;121.75468844525096;58
12.1;52.93898305084749;60
15.327272727272728;96.40942760942764;55
12.728813559322035;50.407948568088834;59
11.696428571428571;64.8698051948052;56
5.636363636363637;16.388811188811182;66
6.985507246376811;29.543904518329068;69
7.239436619718309;43.556136820925545;71
5.507692307692307;19.253846153846155;65
4.779411764705882;3.070017559262515;68
4.947368421052632;14.05075187969925;57
6.5074626865671625;29.556761646313873;67
6.855072463768116;33.861040068201184;69
4.838235294117648;7.5406057945566225;68
5.0;10.78125;65
7.591549295774645;53.016498993963864;71
5.971428571428571;28.231055900621154;70
4.609375;3.3529265873015874;64
4.222222222222222;0.7562724014336911;63
5.397058823529411;20.362379280070254;68
5.810810810810812;20.86782673084045;74
5.046875;12.267609126984127;64
5.096774193548387;11.629825489159172;62
5.027777777777778;8.675273865414722;72
6.7142857142857135;31.598343685300165;70
6.9558823529411775;37.863696224758556;68
4.840579710144928;14.047740835464626;69
4.63768115942029;5.205029838022162;69
4.826086956521739;9.175191815856786;69
5.193548387096773;13.011105235325251;62
5.984848484848484;33.76899766899763;66
5.173913043478261;12.704603580562658;69
4.7384615384615385;8.071153846153836;65
4.125;0.5238095238095238;64
5.575757575757575;19.294172494172503;66
6.125;19.571428571428573;64
6.4;33.663768115942105;70
6.1369863013698644;23.064307458143077;73
5.56060606060606;19.296270396270398;66
5.985714285714285;28.767908902691527;70
4.646153846153846;9.357211538461543;65
4.274193548387097;2.4317821258593337;62
5.848484848484849;29.484382284382257;66
6.814285714285713;32.9070393374741;70
5.08695652173913;12.021739130434783;69
4.768115942028985;1.4160272804774092;69
6.078125;27.85094246031746;64
6.734375;26.610863095238095;64
5.666666666666667;16.533333333333342;66
5.596774193548387;19.71998942358538;62
7.515151515151516;86.43822843822832;66
5.5625;7.996031746031746;64
5.0;6.3283582089552235;68
5.745762711864406;38.12390414962008;59
6.761904761904762;29.926267281106007;63
5.969696969696971;23.04522144522149;66
5.359375;18.900545634920636;64
4.953846153846154;8.982211538461536;65
4.955223880597015;3.770691994572595;67
6.2714285714285705;27.47598343685298;70
6.3235294117647065;29.65496049165931;68
4.641791044776119;4.415196743554952;67
4.754098360655738;1.8218579234972678;61
4.588235294117648;6.514486391571546;68
5.373134328358209;11.904115784712795;67
6.078125;29.85094246031746;64
6.276923076923078;23.828365384615402;65
5.769230769230769;17.399038461538463;65
6.147540983606556;24.361202185792326;61
5.621212121212121;18.331235431235427;66
5.938461538461539;18.02740384615385;65
8.260273972602743;49.72298325722984;73
5.7534246575342465;19.993911719939113;73
5.582089552238806;14.943916779737666;67
6.217391304347824;36.966751918158515;69
5.45945945945946;20.27915586819694;74
7.283582089552238;34.38805970149253;67
7.2222222222222205;33.35837245696406;72
5.333333333333333;15.516129032258084;63
4.296875;0.7834821428571429;64
4.327868852459017;0.7240437158469951;61
6.5942028985507255;45.53878942881499;69
6.897058823529413;40.989244951712;68
6.760563380281689;37.01327967806843;71
7.5373134328358224;63.97964721845311;67
6.696969696969696;35.81445221445219;66
9.262295081967215;73.06338797814209;61
8.439393939393941;52.927039627039605;66
9.649122807017543;82.3746867167919;57
6.875;25.85681818181818;56
7.923076923076925;62.16586538461544;65
6.849056603773586;48.82293178519598;53
8.481481481481481;77.08455625436754;54
6.984375;38.26959325396825;64
6.852941176470587;36.93327480245823;68
7.764705882352941;59.97366110623356;68
7.088235294117647;37.96224758560146;68
5.365079365079366;17.461341525857684;63
4.310344827586207;0.6037507562008475;58
4.387096774193548;0.7329455314648348;62
4.566666666666666;0.7242937853107341;60
4.301587301587301;0.9237071172555034;63
4.774193548387097;3.194077207826549;62
4.306451612903226;0.7406134320465354;62
4.555555555555555;1.315412186379928;63
5.061538461538461;1.0586538461538462;65
4.6440677966101696;0.5780245470485097;59
4.758064516129032;2.3503437334743547;62
4.666666666666667;0.5988700564971752;60
4.5;0.5932203389830508;60
4.483333333333333;0.9658192090395474;60
4.65625;0.7688492063492064;64
4.65079365079365;0.9406041986687149;63
4.783333333333333;0.9183615819209038;60
4.898305084745763;0.8170660432495612;59
4.904761904761905;2.0552995391705067;63
5.016393442622951;2.5830601092896175;61
4.645161290322581;1.7080909571655198;62
4.737704918032787;0.8967213114754106;61
4.728813559322034;1.442431326709527;59
4.9;1.583050847457628;60
4.275862068965517;0.4839685420447669;58
4.564516129032258;0.8400317292437867;62
4.274193548387097;0.7268640930724479;62
4.661290322580645;1.2440507667900598;62
4.857142857142857;1.0276497695852538;63
4.7936507936507935;1.359959037378392;63
4.698412698412699;1.117255504352278;63
4.278688524590164;0.5043715846994529;61
4.446153846153846;0.9384615384615385;65
4.571428571428571;1.4423963133640552;63
4.306451612903226;1.002908514013749;62
4.421875;0.7557043650793651;64
4.629032258064516;5.974881015335788;62
4.677966101694915;1.4634716540035073;59
4.707692307692308;1.1475961538461539;65
6.2608695652173925;31.019181585677757;69
5.815384615384614;25.4341346153846;65
4.8235294117647065;18.237050043898204;68
4.477611940298507;7.283582089552242;67
4.555555555555555;1.154121863799282;63
5.030769230769231;4.780288461538453;65
5.4925373134328375;16.314337403889645;67
5.43548387096774;33.626916975145384;62
4.8;7.099999999999997;65
4.96875;3.300595238095238;64
5.3015873015873005;18.47209421402972;63
6.073529411764705;27.054214223002663;68
4.714285714285714;2.658986175115208;63
4.1875;0.6626984126984127;64
4.384615384615385;0.49038461538461464;65
4.292307692307692;0.7100961538461539;65
5.015873015873017;17.01587301587299;63
5.907692307692308;18.178846153846127;65
4.984126984126984;6.499743983614952;63
4.59375;1.0386904761904763;64
4.507936507936508;1.0926779313876087;63
5.343283582089551;18.0470375395749;67
5.96875;24.824404761904763;64
4.725806451612902;10.726864093072429;62
4.412698412698413;0.6979006656426011;63
4.579710144927536;3.6589940323955665;69
5.046875;7.759672619047619;64
5.765625;26.468005952380953;64
6.121621621621622;26.57404664938911;74
5.138461538461539;2.5274038461538444;65
5.921875;25.46999007936508;64
5.75;22.326271186440678;60
6.666666666666666;37.8564102564103;66
5.2272727272727275;15.286013986013984;66
5.111111111111111;5.068100358422943;63
5.213114754098361;4.637158469945357;61
5.222222222222222;7.04851330203443;72
6.569444444444446;28.164123630672883;72
6.637681159420287;32.49914748508095;69
5.359375;12.646577380952381;64
5.409836065573771;8.279234972677594;61
6.287878787878787;23.192773892773875;66
5.732394366197183;27.71307847082493;71
5.6923076923076925;15.497596153846139;65
6.865671641791044;37.29986431478963;67
7.563380281690139;49.106639839034216;71
8.706896551724135;51.33363581367211;58
5.605633802816902;19.75653923541245;71
7.68181818181818;54.312587412587376;66
7.0476190476190474;41.239631336405544;63
8.033898305084744;46.7229690239626;59
7.661290322580645;59.112903225806456;62
8.716417910447763;69.08502939846224;67
8.639344262295081;62.701092896174835;61
6.53125;39.26884920634921;64
5.1818181818181825;19.351048951048963;66
6.835820895522388;41.44233378561734;67
12.607142857142854;65.0064935064935;56
8.986111111111109;77.84487480438182;72
6.56521739130435;35.86700767263425;69
4.878787878787879;4.323543123543119;66
7.1818181818181825;29.966329966329983;55
8.142857142857144;61.68944099378878;70
5.641791044776119;23.3545906829489;67
6.292307692307693;33.178846153846195;65
10.616666666666665;51.69802259887005;60
8.285714285714286;59.51138716356102;70
6.707692307692307;26.39759615384616;65
6.411764705882352;27.021949078138732;68
10.888888888888891;75.81003584229389;63
9.913043478260867;86.55115089514067;69
9.232876712328768;62.95890410958899;73
7.347826086956521;51.46547314578004;69
8.0;31.660377358490567;54
6.5;32.25396825396825;64
8.567567567567568;44.385783043317275;74
10.803030303030301;50.22214452214454;66
8.782608695652174;49.878516624040905;69
5.231884057971014;9.416027280477412;69
5.4375;13.90079365079365;64
9.8125;70.91666666666667;64
8.954545454545455;69.30559440559442;66
6.492957746478872;29.053521126760568;71
5.4;16.806250000000006;65
9.622950819672134;64.00546448087432;61
9.569230769230769;62.37403846153848;65
7.958333333333333;37.02640845070427;72
5.878378378378378;14.985005553498711;74
10.11864406779661;48.07188778492112;59
8.645161290322584;48.23268112109995;62
9.238095238095235;65.4746543778802;63
8.029850746268655;57.726368159203865;67
10.85;90.46864406779656;60
9.383333333333336;76.88446327683619;60
8.176470588235297;47.64003511852498;68
10.088235294117645;84.82791922739248;68
8.357142857142856;83.7691511387163;70
10.24561403508772;72.18859649122804;57
10.36842105263158;104.37969924812035;57
6.540000000000001;29.11061224489798;50
11.32758620689655;124.25922565033277;58
11.423728813559322;103.76563413208643;59
7.5;58.72549019607843;52
10.06451612903226;62.78265468006351;62
11.125;100.98409090909091;56
10.897959183673468;92.88520408163266;49
6.0;35.41818181818182;56
6.722222222222222;35.600628930817614;54
6.928571428571428;22.831168831168824;56
5.830508474576272;19.694915254237298;59
6.153846153846153;21.069711538461537;65
5.072463768115942;11.65643648763854;69
5.428571428571428;20.055299539170502;63
4.791044776119403;6.1374943464495795;67
4.585714285714285;2.7389233954451337;70
5.712121212121213;20.977389277389275;66
5.070422535211268;9.380684104627761;71
5.0;8.655172413793103;59
5.049180327868852;12.647540983606556;61
6.5;35.91538461538462;66
7.078125;34.93030753968254;64
5.9264705882352935;23.531826163301144;68
6.328358208955224;25.07236544549977;67
7.816901408450704;55.694567404426564;71
7.25;38.309701492537314;68
8.056338028169014;61.53963782696171;71
7.0410958904109595;40.65106544901066;73
6.955223880597013;38.5888738127544;67
10.373134328358212;96.17684305744007;67
7.847222222222219;61.45520344287952;72
7.045454545454545;32.72097902097902;66
7.416666666666666;44.978873239436645;72
6.699999999999999;34.589855072463756;70
6.640625;37.567212301587304;64
4.6875;7.4563492063492065;64
5.057971014492754;10.290707587382796;69
5.185714285714286;20.211387163561024;70
6.136363636363635;34.427272727272744;66
5.057142857142857;15.561904761904787;70
5.661764705882352;18.34657594381033;68
5.507462686567163;16.950701040253293;67
6.701492537313432;52.78833107191318;67
4.666666666666666;4.401960784313724;69
5.920634920634919;32.912954429083435;63
5.36923076923077;24.33028846153845;65
5.283582089552238;22.085029398462236;67
4.857142857142857;9.221198156682016;63
5.184615384615386;19.99663461538459;65
4.9375;9.075396825396826;64
6.535211267605636;50.39517102615687;71
6.805970149253731;51.97693351424695;67
5.072463768115942;15.274083546462077;69
6.890625;40.54340277777778;64
7.106060606060606;61.51165501165501;66
5.125;10.968253968253968;64
6.342465753424658;47.00608828006093;73
5.125;14.11111111111111;64
5.442857142857143;22.13436853002074;70
4.940298507462687;10.39032112166441;67
5.190476190476191;9.898617511520737;63
5.1617647058823515;15.36150131694471;68
4.892307692307693;5.191346153846154;65
4.873239436619718;15.340845070422558;71
5.530303030303029;22.683682983682957;66
4.921875;13.819196428571429;64
4.542857142857143;5.121325051759837;70
4.514285714285714;0.7751552795031059;70
6.099999999999999;41.9173913043478;70
5.96875;21.999007936507937;64
4.828125;1.5414186507936507;64
5.044776119402984;10.952510176390746;67
4.96875;12.379960317460318;64
4.696969696969697;7.5682983682983735;66
4.611940298507463;7.150158299412034;67
5.260869565217392;18.519181585677725;69
5.2727272727272725;19.186013986014007;66
6.296875;49.132688492063494;64
6.7746478873239475;58.9770623742456;71
5.5;21.515384615384615;66
5.402777777777777;16.69464006259782;72
5.0;12.676923076923076;66
4.472222222222222;9.661189358372468;72
4.903225806451613;13.531464833421479;62
5.712121212121213;27.808158508158506;66
6.217391304347825;35.70204603580558;69
5.424242424242426;18.555710955710968;66
4.80327868852459;1.093989071038251;61
4.415384615384616;0.6528846153846161;65
4.406779661016949;0.5558153126826414;59
4.968253968253968;0.7731694828469016;63
4.596774193548387;1.392120571126387;62
4.633333333333334;1.1514124293785308;60
4.2;0.5999999999999998;65
4.5396825396825395;0.7363031233998975;63
4.557377049180328;0.7508196721311478;61
5.9016393442622945;31.556830601092887;61
4.508474576271187;1.2197545295149033;59
6.209677419354838;42.627445795875175;62
17.6;190.24545454545458;45
10.276923076923078;51.45336538461539;65
6.968253968253968;70.51510496671783;63
4.923076923076923;11.697115384615385;65
4.972972972972974;12.054054054054067;74
12.125;51.57142857142857;64
9.384615384615385;59.271634615384606;65
5.2153846153846155;16.015384615384612;65
5.322580645161291;15.271285034373339;62
6.919354838709678;57.222897937599164;62
10.169491525423728;59.14319111630624;59
10.476190476190476;79.0921658986175;63
8.360655737704919;78.36775956284154;61
5.161290322580646;10.858804865150711;62
9.491803278688526;107.65409836065577;61
9.734375;39.24578373015873;64
9.763636363636362;84.48013468013471;55
8.0;24.54237288135593;60
5.515625;17.460069444444443;64
5.870967741935484;25.130618720253853;62
6.5538461538461545;47.65721153846154;65
12.0;130.10714285714286;57
16.490196078431374;122.77490196078435;51
9.967213114754099;68.03224043715848;61
5.296875;11.005704365079366;64
5.161290322580645;4.399788471708091;62
5.353846153846154;22.232211538461534;65
9.081967213114755;50.20983606557376;61
9.03125;56.03075396825397;64
7.34920634920635;66.74705581157197;63
6.40625;38.97519841269841;64
5.470588235294119;18.282704126426683;68
12.84;112.0555102040816;50
12.416666666666668;73.02683615819205;60
7.459016393442623;44.65245901639342;61
4.238095238095238;0.7327188940092169;63
4.361111111111111;5.895931142410015;72
9.55;94.79406779661018;60
12.032786885245901;42.965573770491794;61
7.0166666666666675;30.796327683615843;60
5.435483870967741;11.036753040719216;62
4.883333333333334;1.1556497175141243;60
7.419354838709678;31.82125859333685;62
10.413793103448276;77.86085904416213;58
9.357142857142856;110.4883116883117;56
7.241935483870968;74.31755684822856;62
4.864406779661017;1.153711279953244;59
8.375;94.39682539682539;64
13.096153846153847;107.02978883861235;52
8.383333333333333;46.240395480225985;60
5.59322033898305;29.969608416130914;59
6.5538461538461545;41.90721153846157;65
13.354166666666668;118.40381205673754;48
11.961538461538462;151.1357466063349;52
9.133333333333333;97.50734463276834;60
13.711538461538462;130.44457013574666;52
6.081967213114755;30.40983606557377;61
10.415094339622641;136.4397677793904;53
12.315789473684209;122.14849624060142;57
11.614035087719298;102.95551378446116;57
6.113207547169812;13.679245283018872;53
11.310344827586206;128.49848759830607;58
7.655172413793103;62.30006049606775;58
8.234375;42.023561507936506;64
7.338709677419354;31.34241142252777;62
11.696428571428573;143.34253246753244;56
13.150943396226413;171.36139332365744;53
8.46551724137931;53.83212341197824;58
9.610169491525424;121.10403272939803;59
10.436363636363636;69.91717171717173;55
11.830508474576272;163.6604324956165;59
9.688524590163933;149.9180327868852;61
14.173076923076923;198.89102564102558;52
15.25;220.4264705882353;52
18.782608695652176;181.2850241545894;46
11.576271186440678;81.11046171829341;59
12.438596491228072;72.64348370927316;57
6.887096774193548;34.62638815441564;62
10.416666666666664;156.55225988700562;60
7.63076923076923;71.14278846153842;65
10.137254901960784;97.72078431372549;51
10.052631578947368;91.15789473684217;57
15.866666666666667;138.70909090909092;45
10.524590163934427;139.0535519125683;61
5.654545454545454;13.119191919191922;55
11.666666666666666;230.35460992907804;48
8.737704918032787;106.39672131147526;61
12.11320754716981;190.256168359942;53
12.517857142857144;104.98149350649348;56
9.982142857142856;83.07240259740257;56
11.218181818181819;130.17373737373734;55
7.133333333333334;62.28700564971753;60
9.833333333333332;151.83615819209024;60
10.377358490566039;97.93178519593614;53
8.75925925925926;75.12962962962963;54
11.964285714285714;139.05324675324678;56
9.84126984126984;64.10343061955972;63
9.262295081967215;94.09672131147549;61
12.32758620689655;182.22413793103462;58
12.7;176.74489795918367;50
12.193548387096772;174.3553675304071;62
13.459016393442623;71.65245901639342;61
13.38888888888889;110.80817610062896;54
8.621212121212121;103.90046620046611;66
7.321428571428572;55.89480519480519;56
7.725806451612903;53.021946060285615;62
8.879310344827585;81.4062310949788;58
7.955882352941176;38.84877085162426;68
10.016129032258064;103.85219460602858;62
12.157894736842104;169.7424812030076;57
11.095238095238095;120.63594470046074;63
6.836065573770492;39.87267759562842;61
10.310344827586206;52.077434966727154;58
8.35;52.875423728813566;60
12.0;113.11475409836065;62
11.737704918032787;86.96338797814208;61
6.709677419354838;25.29138022210471;62
7.327868852459016;43.857377049180364;61
9.365079365079364;63.590373783922146;63
11.230769230769232;86.02413273001507;52
8.775862068965518;59.58045977011493;58
6.43661971830986;37.47806841046272;71
7.75;52.36940298507463;68
15.614035087719298;125.99122807017541;57
17.087719298245613;123.33145363408521;57
14.344262295081966;53.89617486338796;61
14.383333333333333;74.10480225988701;60
18.035714285714285;65.8168831168831;56
17.066666666666666;63.89378531073445;60
12.982456140350877;81.33897243107772;57
11.639344262295081;40.20109289617485;61
17.482142857142858;104.03603896103891;56
20.87037037037037;68.53004891684137;54
18.85185185185185;117.63801537386445;54
17.384615384615383;171.22171945701353;52
15.39622641509434;103.51306240928882;53
15.81132075471698;108.77140783744557;53
21.183673469387756;195.36139455782313;49
18.240740740740744;153.65793151642205;54
13.40983606557377;131.97923497267757;61
5.19718309859155;6.274849094567397;71
5.936507936507937;18.189452124936004;63
5.794520547945206;24.221080669710812;73
7.0;44.26470588235294;69
6.029411764705881;32.26777875329237;68
5.4117647058823515;23.67866549604917;68
5.597222222222221;38.779147104851326;72
4.612903225806452;1.1919619249074567;62
7.3478260869565215;41.8478260869565;69
5.796875;23.91046626984127;64
6.439393939393941;30.342424242424244;66
5.126984126984127;9.241679467485934;63
5.599999999999999;30.462500000000002;65
6.729729729729732;31.323213624583463;74
5.867647058823529;20.355355575065808;68
6.074626865671641;34.19131614654006;67
4.646153846153846;4.638461538461531;65
5.419354838709677;22.345848757271284;62
5.234375;19.991815476190474;64
6.4;32.68125000000002;65
6.671641791044776;36.1329715061058;67
4.825396825396825;1.4367639528929848;63
6.084507042253522;39.02132796780685;71
4.2666666666666675;5.09009009009009;75
5.363636363636363;26.94265734265737;66
6.972602739726026;43.44368340943685;73
5.591549295774648;33.78792756539236;71
4.8059701492537314;11.673903211216638;67
5.7857142857142865;20.808488612836452;70
5.348484848484849;27.18438228438228;66
5.732394366197182;34.48450704225352;71
4.946666666666667;6.456576576576579;75
6.788732394366197;47.62615694165001;71
7.957142857142858;58.679296066252554;70
5.485714285714285;31.78964803312631;70
5.546875;30.854910714285715;64
4.478260869565217;7.25319693094629;69
5.8181818181818175;29.166433566433554;66
7.25;50.72761194029851;68
5.46969696969697;22.622144522144513;66
5.901408450704226;33.404426559356146;71
5.784615384615384;11.952884615384614;65
6.53225806451613;22.253040719196203;62
6.177419354838709;29.853252247488097;62
4.787878787878788;2.538927738927741;66
4.985714285714286;9.318633540372664;70
4.4;2.587500000000001;65
4.698412698412699;13.76241679467485;63
5.015151515151516;2.7843822843822834;66
5.125;15.031746031746032;64
6.390625;24.14657738095238;64
7.121212121212119;35.52354312354312;66
6.46875;31.268849206349206;64
5.969696969696971;31.968298368298377;66
5.645161290322581;10.167107350608138;62
5.176470588235294;9.228235294117647;51
6.476923076923076;32.90961538461537;65
6.274193548387097;32.3006345848757;62
5.079365079365079;13.719406041986701;63
4.754385964912281;0.9385964912280702;57
4.824561403508772;1.5043859649122822;57
4.642857142857143;2.4155844155844166;56
5.385964912280702;16.384085213032566;57
6.333333333333333;33.32258064516127;63
5.387096774193548;21.913273400317255;62
4.933333333333334;2.5717514124293763;60
4.9298245614035086;2.137844611528824;57
4.6440677966101696;1.3021624780829935;59
5.3939393939393945;14.67319347319348;66
5.109375;10.41641865079365;64
5.0;1.4915254237288136;60
5.241379310344827;8.010889292196019;58
4.793103448275862;0.7634603750756201;58
6.55072463768116;31.78047740835462;69
6.671232876712329;30.473744292237402;73
5.013698630136986;15.735920852359186;73
4.896551724137931;1.0417422867513613;58
5.106060606060606;9.08088578088578;66
4.642857142857143;3.7111801242236013;70
5.913043478260871;17.668797953964162;69
5.822580645161291;14.836858804865155;62
5.289855072463768;5.65004262574595;69
5.761904761904762;16.50691244239631;63
5.09375;5.451388888888889;64
6.416666666666667;29.16242937853106;60
5.826086956521739;16.586956521739143;69
5.220588235294118;3.6073309920983325;68
4.8;4.771014492753625;70
4.90625;1.1339285714285714;64
7.89230769230769;50.316346153846155;65
10.245901639344263;90.688524590164;61
5.923076923076923;6.915865384615381;65
7.9322033898305095;40.7539450613676;59
14.041666666666668;112.38120567375887;48
9.254237288135593;78.98597311513734;59
7.17241379310345;49.26799758015723;58
6.161290322580645;14.203067160232676;62
14.230769230769234;112.22021116138762;52
9.911764705882355;68.08165057067602;68
10.393442622950818;70.57595628415298;61
7.933333333333333;46.33446327683618;60
9.5;79.63846153846154;66
8.275362318840582;43.76129582267691;69
9.1875;67.83730158730158;64
11.881355932203391;105.52016364698987;59
9.242857142857144;72.41842650103524;70
7.942028985507244;57.17306052855931;69
9.833333333333332;59.12564102564109;66
10.383333333333335;78.10480225988702;60
11.357142857142856;90.0879917184264;70
7.333333333333334;38.166666666666686;69
6.885714285714286;25.204140786749477;70
10.54;65.845306122449;50
6.344827586206897;18.089534180278278;58
8.258064516129032;42.26017979904813;62
7.322580645161291;27.238498149127455;62
7.87037037037037;25.133822501747012;54
7.16923076923077;21.39278846153846;65
7.484848484848484;38.592074592074596;66
8.844827586206897;46.6246218995765;58
10.129629629629628;81.39797344514326;54
10.81132075471698;72.61756168359938;53
7.5964912280701755;38.56641604010025;57
8.844827586206897;53.04567453115548;58
7.575757575757574;32.524941724941726;66
11.708333333333334;95.6152482269503;48
6.741379310344828;44.54597701149428;58
5.107692307692307;14.535096153846153;65
6.5362318840579725;27.19352088661553;69
6.3194444444444455;29.68525039123631;72
9.5;58.16153846153846;66
7.0;36.666666666666664;64
4.60655737704918;1.7426229508196702;61
5.238095238095238;10.313364055299528;63
7.163934426229507;53.33934426229504;61
10.966666666666665;81.59209039548023;60
6.5;36.86923076923077;66
5.932203389830509;24.167738164815887;59
5.849999999999999;38.63813559322036;60
6.7142857142857135;30.83333333333334;49
8.292307692307693;46.80384615384612;65
6.292307692307692;26.49134615384615;65
5.354838709677419;17.675304071919594;62
8.471698113207548;34.86937590711175;53
7.9;39.801449275362344;70
9.06756756756757;57.62550907071453;74
6.409090909090909;28.676223776223758;66
8.051724137931036;32.26043557168785;58
6.528301886792453;30.48476052249637;53
10.059999999999999;109.48612244897953;50
12.264150943396226;142.81349782293174;53
10.311475409836065;75.11803278688525;61
9.017857142857144;77.87240259740258;56
9.1;76.1734693877551;50
10.907407407407408;128.42522711390637;54
8.142857142857144;49.90649350649348;56
9.606557377049182;73.17595628415303;61
6.430769230769232;30.530288461538458;65
5.555555555555555;23.670250896057343;63
5.786885245901638;22.237158469945363;61
6.934426229508198;39.82896174863393;61
6.383333333333334;27.969209039548;60
6.793650793650792;36.10189452124936;63
6.359375;28.392609126984127;64
5.970149253731344;29.483943916779733;67
6.92957746478873;35.29496981891356;71
7.63768115942029;56.999147485081025;69
6.313432835820895;28.491180461329698;67
5.514705882352941;13.955004389815636;68
5.375;16.26984126984127;64
5.712121212121213;17.838927738927765;66
8.682539682539682;63.38146441372246;63
7.741935483870968;64.75198307773664;62
6.44776119402985;50.37222976028949;67
4.9655172413793105;6.174228675136118;58
5.622950819672131;17.47213114754099;61
7.513888888888891;47.99980438184662;72
8.382352941176473;47.8814749780509;68
5.354838709677419;16.331041776837647;62
5.622950819672131;19.83879781420765;61
6.701754385964913;34.32017543859649;57
5.5344827586206895;12.9549304295221;58
7.819672131147541;66.51693989071038;61
9.151515151515149;68.53053613053613;66
6.491803278688525;27.08743169398908;61
5.754098360655737;29.288524590163963;61
5.548387096774195;24.48122686409309;62
7.8955223880597005;43.307100859339684;67
7.333333333333334;39.67741935483869;63
6.391304347826085;35.094629156010235;69
6.722222222222219;34.31611893583716;72
6.8939393939393945;41.14242424242424;66
8.941176470588237;68.20544337137846;68
8.3015873015873;59.76241679467486;63
7.0;28.78125;65
7.869565217391303;38.026854219948824;69
7.290322580645162;41.35695399259654;62
5.640625;20.9640376984127;64
5.190476190476191;13.511520737327192;63
5.15625;12.260912698412698;64
6.03125;23.17361111111111;64
6.114754098360655;24.069945355191255;61
6.671641791044776;43.102668475802794;67
6.608695652173916;35.24168797953964;69
5.050000000000001;13.573728813559324;60
5.199999999999999;13.6625;65
4.322033898305085;1.3945061367621279;59
4.453125;1.0771329365079365;64
4.694915254237288;0.6294564582115719;59
4.525423728813559;1.2536528345996496;59
4.873015873015873;1.370711725550435;63
5.224137931034482;1.0190562613430127;58
4.5344827586206895;1.2005444646097998;58
4.6440677966101696;1.3366452367036823;59
4.677966101694915;4.670368205727647;59
4.586206896551724;1.1591046581972166;58
4.683333333333334;1.4064971751412438;60
4.633333333333334;0.8124293785310736;60
4.46969696969697;0.8067599067599065;66
4.413793103448276;1.2643678160919536;58
5.172413793103448;10.741681790683606;58
4.661016949152542;1.02104032729398;59
4.543859649122807;0.93107769423559;57
4.43859649122807;1.429197994987468;57
4.448275862068965;0.6025408348457352;58
4.6;2.00677966101695;60
4.633333333333334;1.1175141242937854;60
4.5;1.3389830508474576;60
4.305084745762712;1.2846288720046726;59
5.016949152542373;5.189362945645815;59
4.824561403508772;1.6472431077694252;57
5.55;3.5059322033898312;60
5.035087719298246;1.8916040100250608;57
4.807017543859649;0.6585213032581454;57
4.964285714285714;1.1259740259740263;56
5.142857142857143;1.6155844155844155;56
4.912280701754386;0.9743107769423565;57
4.615384615384615;1.025641025641026;52
4.932203389830509;1.478082992402103;59
4.491228070175438;0.8972431077694246;57
4.770491803278689;0.9464480874316931;61
4.859375;1.4243551587301588;64
4.754385964912281;1.0100250626566418;57
5.25;18.38095238095238;64
5.424242424242425;27.87878787878787;66
5.46031746031746;21.897593445980604;63
4.431034482758621;0.5302480338777982;58
6.758064516129034;67.79296668429407;62
5.916666666666667;40.21327683615828;60
5.6461538461538465;28.01346153846153;65
6.65625;43.68948412698413;64
5.428571428571428;10.37788018433179;63
5.774193548387098;42.8989952406135;62
6.292307692307692;55.366346153846195;65
6.032786885245903;41.99890710382514;61
6.047619047619047;20.91705069124422;63
5.777777777777777;33.56272401433691;63
5.225806451612902;16.40719196192491;62
5.213114754098361;14.870491803278702;61
5.880597014925375;39.74310266847582;67
4.366197183098592;0.5496981891348092;71
4.616666666666666;2.0370056497175137;60
5.390625;18.718005952380953;64
4.65625;1.2767857142857142;64
4.285714285714286;0.8525345622119828;63
5.96774193548387;40.195663670015804;62
4.9375;10.59920634920635;64
4.741935483870968;5.309360126916975;62
4.3125;1.0119047619047619;64
5.119402985074626;20.500678426051564;67
4.754098360655737;15.955191256830586;61
5.254237288135593;16.675628287551163;59
5.067796610169491;14.409117475160729;59
4.857142857142857;6.124423963133641;63
4.880597014925374;15.167345092718229;67
5.21875;23.7609126984127;64
6.639344262295081;59.9010928961749;61
4.813559322033898;3.2922267679719495;59
5.465517241379311;16.604053236539624;58
5.206896551724138;21.149425287356348;58
6.466666666666666;36.15141242937851;60
5.048387096774194;14.571390798519289;62
4.938461538461539;11.558653846153847;65
5.25;21.563432835820894;68
4.540983606557377;0.9191256830601086;61
4.878787878787879;8.292773892773884;66
5.380952380952382;25.820276497695854;63
4.695652173913044;16.126598465473155;69
4.892307692307693;10.035096153846158;65
4.873015873015873;11.112647209421404;63
4.642857142857143;1.5952380952380958;70
5.521739130434783;20.723785166240432;69
4.825396825396825;1.1786994367639532;63
5.65079365079365;15.843830005120314;63
4.719298245614035;2.884085213032585;57
5.017857142857143;3.3996753246753237;56
5.583333333333334;17.874293785310737;60
5.096774193548387;5.695399259650963;62
5.770491803278689;21.946448087431705;61
4.932203389830509;1.5470485096434816;59
5.671641791044776;25.7996381727725;67
4.830508474576271;0.9018118059614263;59
5.2153846153846155;3.4528846153846113;65
4.709677419354839;1.9799048122686398;62
5.4576271186440675;12.286966686148446;59
4.876923076923077;11.109615384615376;65
4.428571428571429;1.6359447004608294;63
4.65625;5.911706349206349;64
5.142857142857143;12.511520737327206;63
4.861538461538461;12.683653846153844;65
5.145161290322581;9.667107350608143;62
5.983870967741935;23.655473294553136;62
5.390625;25.25768849206349;64
4.983870967741935;12.278424114225283;62
5.245614035087719;5.617167919799494;57
4.885245901639344;3.1032786885245907;61
4.603448275862069;1.682093163944345;58
4.557377049180328;9.85081967213115;61
4.82089552238806;12.33107191316148;67
5.220338983050848;14.14026884862655;59
5.180327868852459;13.7502732240437;61
5.28125;7.411706349206349;64
4.7936507936507935;1.263184843830005;63
4.887096774193548;10.364093072448453;62
5.088235294117648;20.439859525899887;68
6.178082191780821;46.87062404870624;73
6.552238805970149;43.40253279059249;67
6.619047619047618;52.04608294930878;63
10.0;108.37931034482759;59
12.313725490196079;86.49960784313726;51
11.092592592592592;102.19881201956673;54
6.140625;19.741815476190474;64
5.75;28.72761194029851;68
11.05;108.76016949152546;60
14.543478260869566;142.69806763285027;46
9.236363636363636;68.1097643097643;55
6.25;52.666666666666664;64
4.90625;7.83234126984127;64
9.533333333333335;76.86327683615819;60
10.803921568627452;125.56078431372542;51
9.571428571428571;106.21298701298707;56
6.806451612903227;36.388154415653055;62
4.971014492753622;11.293265132139826;69
9.377049180327868;98.97213114754102;61
9.216666666666665;65.86751412429382;60
7.710144927536232;44.00298380221656;69
5.19672131147541;4.827322404371582;61
5.419354838709678;16.017979904812265;62
9.642857142857144;85.72467532467532;56
9.693548387096774;40.41274457958753;62
8.753846153846155;121.43846153846157;65
8.186440677966102;27.98188194038574;59
6.637931034482759;14.620992135511186;58
11.784313725490197;125.21254901960786;51
14.339622641509434;82.72859216255439;53
9.962264150943396;105.30624092888246;53
7.417910447761194;67.42876526458618;67
4.76056338028169;11.184708249496985;71
7.564516129032258;39.528556319407706;62
13.580000000000002;124.20775510204076;50
7.083333333333333;25.806497175141242;60
6.916666666666666;45.94209039548022;60
6.515151515151516;38.19207459207456;66
9.457627118644067;82.01110461718294;59
13.431372549019608;78.69019607843138;51
10.542372881355933;122.56282875511393;59
5.458333333333333;26.27992957746477;72
5.732142857142857;22.23603896103896;56
8.307692307692308;87.19758672699847;52
5.029411764705882;10.088674275680413;68
9.963636363636365;87.62828282828288;55
13.372881355932202;86.4102863822326;59
11.229508196721312;112.01311475409842;61
5.344827586206897;18.7912885662432;58
6.4107142857142865;23.046428571428578;56
8.892857142857144;70.97012987012988;56
13.879310344827585;109.54658197217177;58
8.852459016393443;101.69453551912561;61
7.616666666666666;49.63022598870056;60
5.045454545454545;17.49020979020978;66
14.133333333333333;144.76158192090392;60
10.071428571428571;58.612987012987006;56
7.372881355932203;78.61718293395673;59
5.7;21.535593220339013;60
5.417910447761194;25.913613749434678;67
6.147540983606557;38.06120218579235;61
12.6;122.68888888888893;55
11.31578947368421;92.11278195488715;57
7.6607142857142865;66.66461038961039;56
4.813559322033899;10.568088836937441;59
8.733333333333333;80.43615819209036;60
12.333333333333332;152.32768361581924;60
9.950819672131148;53.780874316939915;61
10.451612903225806;132.90745637228972;62
6.5;44.04477611940298;68
9.323076923076922;92.37836538461536;65
11.24561403508772;87.22431077694237;57
8.482142857142856;45.41785714285713;56
7.015625;27.031498015873016;64
5.969230769230769;29.155288461538483;65
10.492063492063492;97.18945212493601;63
15.444444444444445;163.75252525252523;45
9.1;94.09152542372891;60
8.184615384615384;80.09038461538462;65
5.53968253968254;39.18791602662569;63
10.220338983050846;109.20923436586794;59
8.85;53.146610169491545;60
10.648148148148149;113.5531097134871;54
6.383333333333334;40.68107344632768;60
6.138461538461539;45.183653846153824;65
10.913793103448276;79.55384150030247;58
14.518518518518519;87.87700908455625;54
7.771929824561403;64.75062656641605;57
5.1454545454545455;17.867340067340063;55
5.125;13.129545454545454;56
12.948275862068964;83.3130671506352;58
10.95;97.1669491525423;60
5.421875;22.216021825396826;64
8.046875;78.55332341269842;64
4.734375;1.2775297619047619;64
9.145161290322582;74.55235325224741;62
10.407407407407408;69.67994409503846;54
10.0;113.72;51
6.482142857142858;55.09058441558451;56
5.40677966101695;15.590298071303355;59
13.425925925925927;128.77742837176794;54
12.11111111111111;71.93906810035843;63
5.633333333333334;23.04971751412425;60
5.666666666666666;24.598870056497177;60
4.875;16.682539682539684;64
10.390625;52.52752976190476;64
9.017241379310345;80.82425892316995;58
7.017543859649122;27.481829573934817;57
6.015625;18.333085317460316;64
4.681818181818182;2.2510489510489506;66
9.264150943396228;119.42888243831632;53
12.169811320754716;133.643686502177;53
9.653846153846153;93.56410256410263;52
5.0;9.107692307692307;66
6.096774193548387;34.4167107350608;62
10.93220338983051;116.92635885447108;59
16.53846153846154;104.21417797888385;52
12.803571428571427;101.65162337662342;56
13.610169491525422;56.79368790181182;59
12.912280701754387;75.65288220551379;57
13.722222222222221;104.65723270440256;54
11.686274509803921;103.21960784313725;51
11.213114754098362;72.43715846994535;61
10.173076923076923;85.0478883861237;52
12.444444444444445;108.1006289308176;54
14.099999999999998;126.3288135593221;60
19.767857142857146;83.05422077922081;56
14.464285714285714;76.68961038961034;56
13.754716981132074;162.18867924528303;53
12.899999999999999;110.54081632653059;50
7.610169491525423;49.62127410870839;59
5.8135593220339;29.43015780245468;59
6.714285714285714;48.56221198156676;63
6.030769230769231;25.967788461538408;65
6.666666666666668;51.58192090395486;60
6.262295081967215;29.530054644808747;61
6.268656716417911;40.29036635006789;67
6.9857142857142875;47.63747412008289;70
5.661290322580645;19.440772078265482;62
6.454545454545455;48.77482517482519;66
6.888888888888891;49.84229390680998;63
5.690140845070422;30.388329979879263;71
7.016949152542373;52.60315604909412;59
5.8088235294117645;25.977831431079853;68
5.55223880597015;26.099502487562173;67
6.0;37.3;61
6.294117647058823;37.1062335381914;68
7.651515151515151;59.49207459207458;66
6.5;44.51449275362319;70
8.656716417910449;87.44097693351412;67
6.608695652173912;41.035805626598425;69
7.3181818181818175;39.75874125874129;66
5.726027397260273;31.20167427701674;73
9.410714285714286;54.719155844155836;56
10.586206896551724;115.7906836055657;58
6.55;37.60762711864409;60
6.065573770491803;21.462295081967216;61
6.104477611940299;34.125282677521476;67
9.846153846153848;104.01508295625936;52
8.240740740740742;69.24283717679945;54
5.587301587301587;17.536610343061962;63
6.3125;39.80555555555556;64
7.189655172413793;39.63006654567452;58
7.8965517241379315;48.26981246218993;58
6.59375;33.260912698412696;64
4.67741935483871;2.4516129032258083;62
7.758620689655173;46.50211736237145;58
8.694915254237289;65.66393921683229;59
5.466666666666667;14.592090395480248;60
7.393442622950818;47.44262295081962;61
6.350877192982456;46.44611528822056;57
8.724137931034482;53.25589836660618;58
6.382352941176471;38.717295873573306;68
5.773333333333333;36.907387387387345;75
6.044117647058823;32.66966637401232;68
7.147540983606556;63.62786885245904;61
12.729166666666666;136.2867907801419;48
8.333333333333332;90.9999999999998;63
6.870967741935482;48.80274986779487;62
6.5652173913043494;50.131713554987186;69
10.777777777777779;83.98742138364783;54
7.52542372881356;65.66744593804802;59
6.053333333333333;34.88900900900902;75
5.55223880597015;23.160108548168242;67
9.016949152542374;51.085914669783755;59
8.372881355932204;48.134424313267104;59
5.676923076923076;19.253365384615396;65
4.836065573770492;10.672677595628432;61
9.589285714285714;53.991883116883145;56
7.612903225806452;35.65097831835007;62
6.2;30.94374999999999;65
5.426470588235294;21.412423178226526;68
6.936507936507937;34.8668714797747;63
9.084745762711865;59.113383985973115;59
5.972222222222222;30.196400625978136;72
4.9589041095890405;13.512176560121775;73
8.073529411764703;82.51690079016684;68
9.610169491525422;82.13851548801873;59
6.541666666666665;41.85739436619718;72
5.466666666666666;30.22522522522524;75
9.045454545454545;59.18251748251743;66
10.649122807017543;104.12468671679186;57
6.821917808219176;29.50951293759511;73
8.027027027027028;55.423917067752726;74
9.043478260869566;59.39514066496167;69
7.625;35.25681818181818;56
6.397058823529411;33.28775241439857;68
7.125;29.952380952380953;64
9.758064516129032;70.94050766790062;62
10.50909090909091;83.55084175084176;55
11.115384615384617;77.47662141779789;52
9.115384615384615;79.9079939668175;52
9.199999999999998;66.53061224489792;50
12.431372549019606;110.13019607843133;51
10.0;88.08163265306122;50
7.981481481481482;54.35814116002801;54
9.040816326530614;51.664965986394556;49
10.368421052631579;76.91541353383455;57
8.770491803278688;70.74644808743165;61
9.014084507042252;54.32837022132798;71
6.969696969696971;29.106759906759887;66
5.903225806451613;22.842940243257566;62
5.892307692307693;29.16009615384616;65
6.735294117647059;39.182616330114115;68
8.985915492957748;59.27122736418513;71
8.333333333333334;55.93137254901962;69
7.057142857142857;53.99668737060044;70
5.734375;21.59499007936508;64
7.246153846153847;51.81346153846155;65
6.484848484848484;30.253613053613062;66
7.794117647058823;53.15100965759443;68
6.563380281690139;34.87806841046285;71
5.234375;10.531498015873016;64
6.0588235294117645;37.28007023705009;68
6.743243243243244;40.54961125509073;74
9.835820895522389;68.80597014925378;67
7.647058823529411;50.47058823529408;68
5.78125;27.7609126984127;64
5.774193548387097;32.177683765203575;62
7.596774193548389;53.98228450555261;62
6.582089552238806;42.762098597919504;67
7.044776119402987;45.04341926729993;67
7.121212121212119;53.18508158508156;66
7.275362318840581;60.5260017050298;69
7.430769230769232;51.90528846153849;65
7.1875;39.29761904761905;64
7.698412698412698;61.69790066564261;63
6.400000000000001;52.99710144927544;70
7.53225806451613;52.22025383395031;62
7.268656716417912;44.71460877431025;67
6.057971014492754;26.114236999147508;69
7.013888888888891;42.63360719874803;72
7.414285714285716;57.492546583850945;70
7.0625;82.72619047619048;64
6.857142857142856;38.99539170506911;63
10.912280701754387;174.22431077694247;57
10.672131147540986;83.4907103825136;61
6.955223880597015;65.8616010854817;67
6.637931034482759;46.761343012704145;58
7.716666666666665;66.64717514124298;60
10.745098039215685;178.19372549019593;51
8.92063492063492;86.59037378392217;63
8.096774193548388;83.20359598096243;62
6.308823529411763;54.09723441615453;68
9.53448275862069;90.9900181488204;58
9.184615384615384;70.84038461538464;65
14.147540983606557;160.22786885245895;61
9.884615384615383;102.80995475113124;52
6.924242424242425;52.3787878787879;66
8.575757575757574;111.87878787878776;66
12.126984126984127;127.88684075780844;63
11.483870967741936;116.71285034373346;62
8.196428571428573;56.56071428571429;56
9.746031746031745;165.0312339989758;63
8.036363636363635;89.40606060606054;55
11.934426229508196;112.96229508196713;61
12.203389830508476;147.0958503798949;59
11.753846153846155;120.2509615384616;65
9.774647887323948;95.4056338028169;71
10.23880597014925;108.48756218905473;67
13.403846153846152;247.38273001508293;52
12.116666666666664;148.34209039548008;60
10.457627118644066;106.25248392752776;59
9.465517241379311;144.84966727162728;58
9.913793103448274;112.88717483363581;58
11.6;94.36875000000003;65
16.375;207.2931818181818;56
13.017241379310343;180.68390804597712;58
12.05;121.43813559322035;60
13.781818181818181;169.0996632996632;55
8.517241379310342;103.69267997580157;58
7.904761904761906;70.6036866359448;63
8.084745762711867;96.11338398597326;59
7.084745762711866;60.73407364114566;59
9.868852459016392;140.18251366120208;61
8.931034482758621;141.22323049001844;58
12.732142857142854;158.1633116883117;56
8.984126984126982;85.17716333845365;63
7.890909090909091;68.80269360269358;55
9.28787878787879;102.3927738927739;66
10.633333333333333;128.43954802259879;60
5.396825396825396;19.21095750128007;63
6.1875;29.13888888888889;64
5.693548387096773;28.64225277630887;62
5.2285714285714295;19.975983436853017;70
4.907692307692308;7.460096153846145;65
5.455882352941177;19.95324846356454;68
5.307692307692308;11.060096153846166;65
4.984375;14.428323412698413;64
5.385714285714286;20.06645962732919;70
5.746268656716419;24.88919041157844;67
5.861538461538462;33.24615384615387;65
5.8088235294117645;33.91812993854251;68
6.276923076923078;32.672115384615395;65
5.720588235294119;21.667032484635637;68
6.211267605633803;46.71187122736425;71
5.217391304347825;21.202046035805605;69
5.208955223880598;28.955676164631434;67
5.076923076923077;19.884615384615383;65
5.061538461538461;13.464903846153826;65
5.969230769230769;21.43653846153846;65
5.478873239436619;29.253118712273647;71
5.4637681159420275;25.575873827791984;69
6.174603174603173;43.88837685611879;63
6.695652173913043;48.4795396419437;69
6.044117647058823;39.41593503072876;68
6.5625;24.98015873015873;64
6.724137931034482;36.23835450695705;58
6.016949152542373;16.430742255990655;59
8.596491228070175;85.06641604010032;57
8.20754716981132;51.20609579100148;53
8.49090909090909;45.06936026936026;55
8.314814814814813;48.634870719776394;54
9.377358490566039;96.23947750362844;53
10.313725490196079;66.37960784313721;51
6.719298245614036;43.41979949874683;57
5.159420289855072;14.047740835464616;69
5.728813559322034;19.16656925774402;59
5.9836065573770485;20.916393442622976;61
5.71875;18.776785714285715;64
5.416666666666666;22.14548022598866;60
5.579710144927537;26.247229326513203;69
6.206896551724137;33.465214761040535;58
6.310344827586207;36.32304900181489;58
6.05;35.03135593220337;60
5.7333333333333325;21.622598870056496;60
6.3559322033898304;35.888369374634735;59
5.577464788732395;20.33319919517101;71
5.328358208955224;18.43600180913612;67
5.809523809523809;31.96313364055299;63
5.646153846153846;18.45096153846155;65
6.101449275362318;34.56308610400683;69
6.791044776119402;55.53143374038899;67
5.575757575757575;25.048018648018648;66
4.916666666666666;7.637005649717514;60
6.934426229508196;51.09562841530053;61
5.473684210526316;24.789473684210527;57
5.225806451612903;11.948175568482275;62
4.7846153846153845;5.890384615384616;65
5.378787878787879;22.023543123543114;66
4.733333333333333;3.9615819209039604;60
5.96875;35.586309523809526;64
6.0508474576271185;31.2904734073641;59
5.17910447761194;15.240162822252376;67
5.482758620689656;15.762855414398045;58
5.566666666666666;11.063276836158193;60
6.086206896551724;43.58892921960073;58
6.031746031746032;41.09575012800812;63
7.566666666666668;75.50395480225987;60
5.757575757575758;23.848018648018652;66
4.890625;5.5592757936507935;64
5.7164179104477615;34.812302125734945;67
6.0;32.233333333333334;61
5.0;13.7;61
5.328125;20.096974206349206;64
5.158730158730159;18.555043522785404;63
4.96875;10.030753968253968;64
4.879310344827586;2.5290381125226897;58
5.322033898305084;12.118644067796607;59
5.21875;17.79265873015873;64
5.1;10.091525423728823;60
4.779661016949152;7.278199883109302;59
5.133333333333334;7.371751412429378;60
5.384615384615384;17.0216346153846;65
4.424242424242424;0.8018648018648017;66
4.967741935483871;3.736647276573238;62
6.116666666666666;31.969209039547994;60
5.612903225806452;21.51983077736645;62
6.06060606060606;29.75011655011655;66
5.8392857142857135;21.882792207792196;56
5.806451612903227;32.125859333685874;62
5.526315789473683;23.075187969924798;57
5.095238095238095;4.700460829493093;63
4.985294117647059;5.656496927129059;68
5.4;25.556250000000038;65
5.73015873015873;27.296979006656432;63
4.683333333333334;1.1014124293785308;60
5.34375;14.260912698412698;64
5.711864406779661;17.48451198129749;59
5.065573770491803;9.32896174863387;61
5.634920634920634;17.138760880696342;63
6.123076923076923;30.234615384615367;65
5.241379310344828;11.800362976406545;58
5.633333333333334;19.964971751412385;60
5.575757575757575;18.524941724941723;66
5.584615384615385;20.965384615384604;65
6.305084745762711;33.93980128579777;59
5.508196721311475;25.154098360655748;61
6.089552238805969;41.62822252374484;67
5.147540983606557;10.194535519125674;61
6.129032258064517;40.44209413008987;62
6.278688524590163;32.204371584699416;61
5.59322033898305;20.314436002337807;59
6.072463768115942;39.33290707587391;69
4.9833333333333325;13.81327683615821;60
5.114754098360656;4.703278688524585;61
5.701492537313432;15.970149253731323;67
4.545454545454545;6.036363636363634;66
4.424242424242424;2.2480186480186477;66
5.159420289855073;12.841858482523431;69
5.415384615384615;13.340384615384622;65
5.275862068965518;12.86993345432546;58
5.05;10.319491525423718;60
5.606557377049181;10.27595628415301;61
5.367647058823529;9.609086918349453;68
5.508196721311476;15.020765027322417;61
5.783333333333334;23.494632768361573;60
5.53968253968254;17.994367639528942;63
5.0;12.033333333333333;61
6.280701754385964;32.74122807017542;57
5.229508196721311;19.146448087431718;61
6.059701492537313;42.99638172772498;67
5.45;24.014406779661027;60
6.288135593220339;30.622443015780274;59
5.712121212121213;17.623543123543115;66
5.313432835820895;14.09724106739031;67
5.016949152542373;5.327293980128575;59
5.064516129032258;10.520359598096237;62
5.757575757575758;22.09417249417246;66
5.796875;18.164434523809526;64
5.533333333333334;15.37175141242938;60
5.873015873015873;25.015873015873026;63
5.625;14.396825396825397;64
5.754098360655737;23.62185792349729;61
5.433333333333334;12.148022598870071;60
5.826086956521739;22.234015345268578;69
5.84375;24.83234126984127;64
6.913043478260869;73.84526854219955;69
5.746268656716419;24.98009950248753;67
6.599999999999999;37.36875000000004;65
7.1875;58.98015873015873;64
5.166666666666667;9.894871794871793;66
5.683333333333334;20.965819209039555;60
7.357142857142858;39.10649350649353;56
5.507936507936509;12.70558115719405;63
7.134328358208956;48.45137946630491;67
5.26984126984127;9.07117255504351;63
8.636363636363637;60.01346801346801;55
6.810344827586207;45.91076830006051;58
5.553846153846154;13.969711538461542;65
6.523076923076924;31.31586538461536;65
16.933333333333334;161.69999999999993;45
10.666666666666668;100.33962264150942;54
5.704918032786885;23.34480874316943;61
4.841269841269841;12.813108038914505;63
14.130434782608695;128.82705314009658;46
21.045454545454547;181.9513742071882;44
8.1875;57.138888888888886;64
5.833333333333334;19.971751412429363;60
6.677419354838709;31.664727657324157;62
8.07936507936508;77.3968253968254;63
12.75;144.58333333333334;52
11.237288135593221;108.94272355347749;59
6.084745762711864;18.14786674459381;59
6.507936507936509;30.737839221710185;63
8.081967213114755;87.40983606557388;61
15.066666666666666;168.97272727272727;45
11.893617021276595;130.8797409805735;47
5.53125;15.840277777777779;64
5.169491525423728;13.970777323202784;59
5.068965517241379;13.047791893526915;58
8.967213114754097;62.73224043715849;61
8.935483870967742;61.569539925965124;62
6.454545454545455;22.28251748251749;66
5.676923076923077;17.84711538461538;65
7.866666666666666;41.13446327683616;60
12.288461538461538;70.56221719457012;52
12.433962264150944;127.09651669085633;53
7.53125;75.80853174603175;64
6.5166666666666675;49.13531073446331;60
7.688524590163933;103.1513661202185;61
19.486486486486488;148.36786786786786;37
9.519230769230768;72.72511312217192;52
5.45;13.23474576271186;60
5.065573770491803;6.395628415300546;61
9.518518518518519;82.70719776380153;54
17.317073170731707;153.02195121951215;41
8.745098039215687;77.23372549019614;51
5.016949152542372;5.982466393921679;59
5.15;4.163559322033898;60
4.45;0.6584745762711866;60
7.0163934426229515;49.81639344262302;61
10.283018867924529;79.86066763425255;53
7.809523809523809;48.93087557603685;63
5.370967741935484;10.663405605499724;62
5.017241379310345;15.315486993345418;58
13.470588235294118;125.77411764705877;51
8.86;48.32693877551019;50
6.60377358490566;31.35921625544267;53
7.69811320754717;58.868650217706815;53
4.870967741935484;5.687995769434152;62
12.115384615384617;128.84917043740572;52
14.604651162790699;106.24473975636766;43
6.053571428571428;22.197077922077902;56
5.806451612903226;24.322580645161292;62
7.2666666666666675;42.74124293785313;60
5.380952380952381;17.72350230414746;63
9.516666666666667;58.08446327683615;60
12.690909090909093;113.51380471380467;55
9.864406779661017;93.05026300409114;59
5.491525423728813;15.909409701928709;59
5.783333333333334;36.07090395480227;60
4.9523809523809526;15.23963133640554;63
11.632653061224492;92.52891156462584;49
9.03125;58.157738095238095;64
7.606557377049181;56.84262295081967;61
5.694915254237288;10.594973699590886;59
5.175438596491229;8.040100250626553;57
11.830508474576272;112.35008766803037;59
9.701754385964913;48.49874686716792;57
9.586206896551724;95.86085904416213;58
5.866666666666666;28.253107344632795;60
6.953846153846153;46.70096153846157;65
6.491525423728814;23.805961426066645;59
11.236363636363636;34.55420875420876;55
7.887096774193548;26.265732416710726;62
7.683333333333334;55.71158192090399;60
7.316666666666667;62.32175141242936;60
10.64;130.4391836734694;50
21.027027027027028;102.3048048048048;37
9.061224489795919;55.93367346938776;49
6.789473684210526;44.490601503759386;57
7.777777777777778;44.66666666666664;54
11.651162790697674;91.51827242524918;43
14.785714285714286;80.85540069686411;42
7.104166666666667;45.329343971631175;48
5.328125;22.636656746031747;64
5.262295081967213;23.963387978142087;61
9.50943396226415;75.90856313497817;53
17.38095238095238;139.90011614401863;42
7.5272727272727264;96.80942760942766;55
5.266666666666667;6.57175141242938;60
5.101694915254237;8.299824663939214;59
12.604651162790699;95.38759689922483;43
11.607843137254902;87.36313725490196;51
9.524590163934427;116.18688524590175;61
6.655172413793103;27.21234119782214;58
6.345454545454547;41.60067340067342;55
14.972972972972972;164.02702702702703;37
20.91891891891892;132.18768768768774;37
7.867924528301887;70.8476052249637;53
4.754098360655737;4.188524590163936;61
12.083333333333332;104.290780141844;48
6.508771929824562;31.218671679198003;57
12.418181818181818;77.58114478114476;55
7.903846153846154;63.10822021116133;52
13.545454545454545;106.34672304439745;44
8.1;62.566101694915254;60
7.857142857142857;66.88831168831169;56
8.436363636363636;58.65791245791246;55
12.770833333333332;105.96764184397162;48
8.658536585365853;52.630487804878044;41
5.854838709677419;24.1589106292967;62
5.859649122807019;21.872807017543796;57
5.844827586206897;10.729885057471261;58
17.146341463414632;115.12804878048784;41
17.79245283018868;127.89840348330917;53
16.87719298245614;113.43107769423561;57
13.08;99.46285714285715;50
15.113636363636365;118.10306553911202;44
19.6;130.01176470588234;35
14.0;78.86792452830188;54
11.912280701754387;90.93859649122807;57
15.036363636363635;114.88754208754216;55
14.910714285714286;122.51915584415579;56
10.46938775510204;87.71258503401357;49
13.770833333333332;92.2229609929078;48
13.789473684210526;99.9548872180451;57
13.327272727272728;72.03905723905727;55
9.892857142857144;79.84285714285713;56
16.88;148.72000000000003;50
5.777777777777778;27.078853046594983;63
4.53125;1.0148809523809523;64
4.933333333333334;4.910734463276837;60
7.673076923076923;34.381221719457045;52
9.448979591836736;51.002551020408156;49
8.411764705882351;60.207058823529415;51
7.170212765957446;27.57909343200743;47
9.962264150943396;43.53701015965167;53
8.520000000000001;59.03020408163269;50
10.980769230769232;58.17609351432884;52
9.069767441860465;67.5902547065338;43
10.957446808510639;57.21554116558741;47
7.8;34.26440677966103;60
5.40625;19.419642857142858;64
4.533333333333333;1.0666666666666669;60
4.966101694915254;1.757451782583284;59
4.883333333333334;12.07090395480226;60
5.617647058823529;31.46356453028972;68
5.112903225806452;13.118191433104164;62
5.278688524590164;16.47103825136613;61
5.796875;29.56125992063492;64
6.636363636363635;54.111888111888106;66
4.728813559322034;6.338983050847457;59
5.587301587301587;13.117255504352284;63
5.484375;17.999751984126984;64
5.43939393939394;13.696270396270405;66
5.540983606557377;27.9191256830601;61
6.0;37.875;65
4.721311475409836;5.971038251366127;61
5.790322580645162;23.283183500793232;62
6.1911764705882355;32.27633889376648;68
5.633333333333334;28.303954802259888;60
5.0508474576271185;13.911163062536504;59
5.576271186440678;20.45528930450031;59
7.769230769230768;54.18028846153848;65
8.606060606060604;67.22703962703959;66
6.852459016393444;56.8612021857924;61
5.8088235294117645;21.88827919227389;68
6.213114754098362;42.83715846994536;61
8.60655737704918;75.54262295081972;61
9.566666666666668;68.48700564971756;60
6.4444444444444455;40.41218637992829;63
5.859375;23.424355158730158;64
5.704918032786885;28.97814207650274;61
6.428571428571427;40.023041474654356;63
9.796610169491524;72.06136762127404;59
6.803278688524591;37.127322404371604;61
5.612903225806452;17.028027498677947;62
5.350877192982456;15.51754385964914;57
5.5166666666666675;24.6946327683616;60
5.419354838709678;16.214701216287676;62
9.823529411764703;67.64003511852495;68
8.43835616438356;59.1385083713851;73
5.0588235294117645;20.205443371378387;68
5.745762711864407;17.951490356516658;59
5.516129032258065;13.532522474881024;62
6.828125;42.747767857142854;64
7.729729729729732;44.693076638282115;74
6.03225806451613;37.01533580116346;62
6.475409836065574;37.25355191256833;61
7.5;57.29710144927536;70
6.0317460317460325;34.45058883768563;63
6.815384615384614;47.62163461538455;65
5.701492537313432;20.576209859791938;67
5.483870967741935;19.663670015864614;62
7.876923076923077;56.2658653846154;65
5.783333333333334;11.223446327683614;60
6.478873239436618;36.881690140845095;71
6.582089552238804;45.18634102216185;67
5.53125;30.7609126984127;64
7.298507462686567;44.727725011307115;67
5.397058823529411;18.8101404741001;68
7.457627118644067;48.666277030976055;59
6.818181818181819;38.85874125874118;66
7.36923076923077;42.73653846153846;65
9.721311475409838;119.8710382513661;61
6.043478260869565;36.95396419437344;69
4.63768115942029;6.734441602728042;69
7.2222222222222205;47.01433691756281;63
7.8181818181818175;57.2587412587413;66
6.2;39.66956521739127;70
5.710526315789474;30.048421052631614;76
7.6527777777777795;56.76506259780914;72
5.696969696969698;38.30675990675995;66
5.294117647058823;19.613696224758563;68
5.645161290322581;15.3802221047065;62
6.606060606060605;43.596270396270455;66
7.985294117647057;64.73112379280069;68
5.43939393939394;23.97319347319348;66
6.17391304347826;28.11636828644501;69
6.693548387096774;43.39635113696457;62
6.223880597014926;34.63093622795114;67
5.75;19.96825396825397;64
8.447761194029852;55.6146540027137;67
6.934210526315789;37.23561403508772;76
7.40277777777778;46.80731611893585;72
9.030769230769229;71.65528846153842;65
9.842857142857143;76.45320910973084;70
8.704225352112678;66.92555331991954;71
8.197183098591548;65.87484909456738;71
6.388888888888891;35.93114241001565;72
6.258064516129032;32.45690111052354;62
10.239436619718312;78.72756539235412;71
8.506849315068493;49.3089802130898;73
7.869565217391302;64.35038363171358;69
7.10144927536232;28.94543904518329;69
8.314285714285713;58.04472049689436;70
7.5;49.859154929577464;72
7.217391304347825;53.966751918158614;69
7.471428571428569;41.55714285714278;70
6.123076923076923;35.10961538461535;65
6.092307692307692;23.053846153846134;65
4.1571428571428575;0.7430641821946181;70
6.794117647058822;43.92712906057954;68
5.721311475409838;23.771038251366047;61
5.19718309859155;19.589134808853142;71
5.451612903225805;18.940243257535723;62
4.5;0.423728813559322;60
6.147540983606556;36.72786885245898;61
5.953125;45.06125992063492;64
6.253968253968255;36.96671786994375;63
5.087719298245615;10.260025062656622;57
5.349999999999999;27.621186440677956;60
4.881355932203389;4.209818819403863;59
6.53225806451613;45.72845055526185;62
8.523809523809527;51.57603686635948;63
7.305555555555559;62.46870109546177;72
6.441176470588238;34.51887620719923;68
6.850746268656715;43.734961555857055;67
6.322580645161289;47.86144896879953;62
7.196969696969696;62.86829836829826;66
6.584615384615383;44.246634615384515;65
5.985714285714285;19.86935817805386;70
6.6865671641791025;44.43057440072365;67
6.199999999999998;26.23050847457626;60
7.419354838709676;38.14912744579592;62
6.938461538461539;49.83990384615383;65
6.939393939393941;47.25780885780878;66
7.515625;54.79340277777778;64
6.51470588235294;53.059482001756045;68
5.065573770491803;10.46229508196721;61
4.6;2.176271186440678;60
4.435483870967742;3.1023268112109976;62
4.475409836065574;1.5868852459016367;61
5.385964912280702;18.491228070175424;57
5.34920634920635;8.908346134152582;63
4.741935483870968;15.145425700687491;62
4.467741935483871;5.236647276573256;62
4.883333333333334;15.935310734463275;60
5.238095238095239;19.023041474654384;63
4.180555555555555;3.8401799687010945;72
5.016129032258065;12.442358540454801;62
4.967213114754099;14.832240437158463;61
5.387096774193548;22.7657324167107;62
5.5;18.850877192982455;58
5.045454545454545;7.767132867132865;66
6.453125;34.09300595238095;64
4.857142857142857;8.99539170506911;63
5.857142857142857;28.447004608294918;63
6.454545454545455;39.65993265993267;55
6.222222222222222;26.498207885304666;63
6.015873015873017;28.532002048131055;63
5.8125;28.884920634920636;64
6.316666666666667;36.253954802259905;60
5.2;11.44375000000001;65
5.458333333333334;29.46302816901411;72
5.102941176470589;9.735513608428452;68
5.6764705882352935;26.759438103599653;68
5.3768115942028984;16.738277919863563;69
6.388059701492537;47.604703753957466;67
5.641791044776118;31.051560379918598;67
5.367647058823529;20.7434152765584;68
4.695652173913044;5.56777493606138;69
6.166666666666666;38.98870056497174;60
5.9016393442622945;13.923497267759576;61
7.6875;57.45634920634921;64
6.478873239436619;42.9388329979879;71
7.136363636363637;49.319580419580404;66
6.1875;31.297619047619047;64
6.089552238805969;28.62822252374492;67
5.656716417910447;22.774310266847586;67
6.322580645161291;38.51718667371759;62
4.878378378378378;9.28637541651241;74
6.75;48.32333333333333;76
5.853333333333334;36.69441441441443;75
5.108108108108108;15.358015549796363;74
5.367647058823529;23.22102721685692;68
5.5;26.445205479452056;74
4.732394366197183;10.97022132796781;71
5.6;28.05624999999997;65
6.606060606060606;36.39627039627041;66
5.469696969696971;19.02214452214453;66
5.9868421052631575;35.39982456140352;76
6.811594202898551;56.39045183290712;69
5.436619718309859;19.306639839034226;71
5.9565217391304355;25.042199488491054;69
6.147058823529411;34.81387181738368;68
5.563380281690142;20.90663983903418;71
5.583333333333332;26.359154929577414;72
5.857142857142857;35.74741200828152;70
6.6911764705882355;39.97783143107985;68
5.029411764705882;17.014047410008782;68
5.776119402985074;28.3582089552239;67
5.08955223880597;17.113071008593394;67
5.944444444444445;25.827856025039164;72
6.071428571428572;33.83540372670806;70
6.73611111111111;50.92938184663528;72
6.641791044776118;47.41519674355493;67
6.652173913043479;45.34782608695659;69
6.083333333333334;27.147887323943678;72
5.348484848484849;24.261305361305354;66
5.6515151515151505;22.38438228438229;66
6.986666666666668;57.79711711711722;75
5.685714285714285;19.9287784679089;70
6.424242424242426;39.20186480186481;66
6.507692307692306;32.160096153846155;65
6.969230769230769;43.9365384615384;65
7.4925373134328375;72.19312528267737;67
6.424242424242425;29.078787878787846;66
5.897058823529411;17.854916593503063;68
6.666666666666666;55.2254901960785;69
6.455882352941176;38.8189201053556;68
6.5166666666666675;42.25395480225995;60
6.7142857142857135;48.40993788819872;70
7.26470588235294;39.74978050921862;68
5.854838709677419;24.093336858804882;62
6.2615384615384615;30.508653846153873;65
7.514285714285715;73.49979296066255;70
6.126760563380282;30.283702213279664;71
4.616438356164384;5.628614916286152;73
6.130434782608695;30.93861892583121;69
5.953125;31.124751984126984;64
5.811594202898551;21.096334185848235;69
5.318840579710145;22.455669224211398;69
5.676470588235294;23.266900790166808;68
7.060606060606059;50.70396270396278;66
7.3939393939393945;55.90396270396271;66
6.144927536231885;46.89045183290708;69
5.257142857142856;25.614078674948193;70
6.833333333333334;44.66410256410262;66
6.059701492537313;29.51153324287658;67
5.307692307692308;19.96634615384615;65
6.061538461538461;43.43365384615392;65
5.424242424242426;22.832634032634022;66
5.105263157894737;19.882105263157914;76
5.6231884057971016;20.326513213981258;69
6.4305555555555545;47.09370109546167;72
5.421875;12.755704365079366;64
6.768115942028986;57.50426257459506;69
5.364864864864866;29.82395409107735;74
5.36923076923077;27.861538461538448;65
4.8059701492537314;6.764812302125729;67
5.1805555555555545;29.1641236306729;72
4.542857142857143;6.541614906832303;70
6.469696969696971;25.852913752913725;66
5.692307692307692;15.810096153846139;65
4.676923076923076;4.940865384615388;65
5.696969696969698;33.78368298368291;66
5.4444444444444455;21.0391236306729;72
4.957142857142857;10.969151138716324;70
5.0;18.634920634920636;64
5.25;9.473880597014926;68
5.814285714285714;29.42877846790891;70
4.802816901408451;10.074849094567414;71
4.333333333333333;0.704225352112677;72
6.884057971014493;38.251065643648694;69
5.292307692307693;9.30384615384615;65
4.264705882352941;1.0333625987708515;68
5.6818181818181825;31.420279720279694;66
5.910447761194031;32.203980099502516;67
4.880597014925374;19.95522388059706;67
5.3;20.24745762711865;60
4.682539682539683;3.478238607270862;63
5.93939393939394;39.41165501165509;66
6.015625;33.95213293650794;64
5.876923076923077;28.484615384615356;65
5.76271186440678;16.80479251899474;59
6.671641791044776;42.98145635459064;67
4.7384615384615385;2.196153846153845;65
6.338983050847458;28.503798947983658;59
6.6521739130434785;36.87723785166244;69
6.134328358208956;28.2998643147897;67
5.191780821917808;15.018264840182658;73
7.174603174603174;41.98515104966717;63
7.4;53.65000000000002;65
5.704918032786885;13.678142076502727;61
5.75;28.69776119402985;68
5.787878787878787;23.40046620046619;66
6.134328358208956;23.633197648123026;67
5.09375;8.5625;64
5.030303030303029;11.845221445221465;66
5.2;9.75625;65
5.485714285714285;27.325879917184302;70
5.134328358208956;22.26956128448664;67
5.625;27.253968253968253;64
6.215384615384616;27.859134615384626;65
5.6034482758620685;24.910163339382965;58
4.362068965517241;0.9367816091954019;58
4.4;0.9898305084745771;60
4.815384615384615;2.527884615384619;65
5.28125;24.300595238095237;64
5.4833333333333325;22.45734463276832;60
5.516129032258065;16.90957165520889;62
6.126984126984127;37.95135688684082;63
5.682539682539682;20.865335381464416;63
4.553846153846154;1.6572115384615382;65
5.5;31.853846153846153;66
5.076923076923077;21.04086538461542;65
5.1805555555555545;26.769757433489854;72
5.076923076923077;17.66586538461543;65
5.203125;18.767609126984127;64
5.358208955223882;30.506105834464034;67
4.907692307692308;14.897596153846143;65
8.4;98.85423728813554;60
9.688524590163933;108.3180327868853;61
11.327586206896552;125.1364186327889;58
5.484848484848484;30.40745920745923;66
7.034482758620689;77.15668481548695;58
11.689655172413794;132.74410163339377;58
7.0;71.68115942028986;70
13.442307692307692;205.8985671191553;52
8.766666666666667;80.45310734463276;60
8.39622641509434;104.16690856313491;53
8.080645161290324;95.22289793759916;62
8.901639344262296;77.1234972677596;61
6.275862068965518;38.343617664851784;58
10.11111111111111;98.06289308176096;54
7.490566037735849;58.21625544267059;53
5.064516129032259;17.66790058170283;62
10.161290322580644;70.00634584875728;62
10.982142857142858;69.79967532467532;56
9.916666666666668;92.95903954802257;60
14.941176470588236;189.81647058823532;51
14.137254901960784;91.40078431372547;51
14.296296296296296;168.09923130677845;54
12.818181818181818;62.81818181818181;55
16.511627906976745;115.68438538205977;43
13.8;160.52727272727267;45
11.106382978723405;111.74930619796486;47
12.446808510638295;139.77428307123043;47
9.851063829787233;137.12950971322857;47
12.083333333333332;102.75886524822695;48
19.906976744186046;194.514950166113;43
12.878048780487806;109.85975609756099;41
10.446808510638299;145.16558741905644;47
7.0357142857142865;74.10779220779219;56
10.115384615384617;101.31975867269985;52
13.361702127659573;204.84458834412575;47
15.153846153846153;139.54449472096533;52
12.66;121.00448979591837;50
12.173076923076925;77.94984917043745;52
12.78;162.09346938775505;50
8.894736842105264;88.88157894736848;57
11.04878048780488;67.39756097560976;41
10.53061224489796;118.79591836734691;49
14.977272727272727;129.65063424947147;44
7.982142857142857;43.6542207792208;56
16.782608695652176;133.8183574879227;46
10.693877551020408;115.21683673469387;49
11.346153846153847;179.95625942684774;52
9.82;117.13020408163267;50
17.36111111111111;146.465873015873;36
11.448979591836736;82.12755102040819;49
16.588235294117645;199.12705882352947;51
8.86;121.18408163265305;50
11.339999999999998;124.0248979591837;50
15.674418604651162;162.55813953488382;43
16.525;320.76858974358976;40
9.2;78.77551020408163;50
7.180327868852459;17.71693989071037;61
16.804878048780488;223.6609756097561;41
9.58;107.43224489795922;50
6.921568627450981;34.1937254901961;51
18.897435897435898;146.41025641025644;39
16.5625;128.33643617021278;48
8.950819672131148;85.91420765027323;61
6.706896551724138;27.298548094373853;58
5.9444444444444455;35.71517996870104;72
14.2;92.34117647058824;35
9.4375;87.31515957446808;48
8.745762711864407;108.67562828755112;59
7.580645161290323;56.80486515071394;62
11.224489795918368;108.46938775510199;49
14.36;144.03102040816324;50
10.618181818181819;74.27744107744108;55
9.333333333333332;62.45283018867925;54
8.559999999999999;56.16979591836735;50
14.32;148.83428571428573;50
19.972972972972975;141.19369369369366;37
17.30952380952381;256.7555168408827;42
12.081632653061225;170.49319727891157;49
9.596153846153847;61.22586726998494;52
12.341463414634145;70.68048780487806;41
18.939393939393938;207.1212121212121;33
15.023809523809524;199.92624854819977;42
7.7368421052631575;52.41165413533836;57
6.392857142857143;20.533766233766233;56
9.407407407407408;68.5101327742837;54
12.379999999999999;125.79142857142857;50
9.307692307692308;85.86425339366515;52
4.9655172413793105;1.8935269207501495;58
7.03125;53.26884920634921;64
5.920634920634921;23.52585765488991;63
10.661016949152543;78.19345412039743;59
12.980769230769234;82.80354449472094;52
11.491228070175438;103.64724310776941;57
5.52112676056338;24.224547283702194;71
5.163934426229507;15.806010928961769;61
5.440677966101695;13.802454704850955;59
8.18;90.92612244897956;50
13.795454545454545;85.32928118393235;44
7.423076923076923;39.66063348416288;52
6.298245614035086;29.820175438596493;57
6.765625;63.229910714285715;64
6.590163934426229;36.279234972677614;61
13.040816326530614;119.03996598639452;49
12.307692307692308;108.45248868778282;52
8.086206896551724;68.29068360556562;58
6.310344827586207;49.7967332123412;58
5.597014925373135;35.365445499773855;67
14.080000000000002;110.64653061224492;50
14.760000000000002;150.145306122449;50
7.455882352941176;64.19205443371376;68
5.796875;31.688244047619047;64
7.03125;56.379960317460316;64
12.919999999999998;124.19755102040816;50
12.76595744680851;129.79185938945426;47
8.413793103448276;137.50998185117965;58
6.434782608695652;30.278772378516592;69
8.150000000000002;64.33305084745761;60
11.666666666666666;71.9466666666667;51
9.20754716981132;71.6676342525399;53
6.431034482758621;43.79340592861464;58
5.701492537313433;19.636815920398;67
8.78125;72.5545634920635;64
12.339622641509434;96.69013062409287;53
9.206896551724139;66.16696914700545;58
8.413793103448276;68.73805202661828;58
6.557377049180327;33.21748633879782;61
6.274193548387097;33.80883130618718;62
11.865384615384617;123.56975867269989;52
10.864406779661019;181.1881940385739;59
9.0;70.93103448275862;59
5.969696969696971;36.73752913752907;66
7.254237288135593;63.05493863237873;59
7.524590163934425;45.953551912568294;61
13.824561403508772;119.25438596491232;57
15.74468085106383;136.67252543940793;47
6.666666666666666;51.717514124293864;60
5.5606060606060606;14.188578088578106;66
10.275862068965518;84.94010889292194;58
18.953488372093023;188.33111849390917;43
11.270833333333332;89.86125886524825;48
10.2;68.57037037037037;55
15.8;133.3469387755102;50
15.5;161.83962264150944;54
18.15686274509804;192.05490196078435;51
11.428571428571427;113.26753246753245;56
16.5;146.94897959183675;50
14.74074074074074;103.29000698812014;54
12.239999999999998;132.71673469387756;50
13.396226415094342;112.82075471698114;53
16.29090909090909;171.58047138047135;55
13.072727272727274;108.58720538720539;55
14.944444444444446;127.48742138364774;54
12.924528301886792;89.99419448476048;53
13.163934426229508;66.5726775956284;61
9.614035087719296;92.41979949874688;57
6.313432835820895;32.79421076436003;67
6.405797101449276;39.53878942881502;69
6.196721311475411;29.760655737704926;61
8.444444444444445;60.31541218637991;63
7.594202898550727;41.97996589940324;69
6.15;31.417796610169464;60
7.367647058823529;47.400131694468854;68
6.909090909090909;42.637762237762225;66
8.253968253968255;55.48284690220177;63
6.578125;38.43824404761905;64
7.984126984126982;51.53200204813108;63
5.616666666666666;17.257344632768373;60
7.096774193548387;55.36753040719196;62
6.292307692307692;23.33509615384614;65
5.972222222222222;27.154147104851337;72
6.641791044776118;40.50610583446403;67
7.861538461538463;55.24615384615389;65
5.774647887323944;29.948490945674042;71
6.109375;33.241815476190474;64
6.451612903225806;32.87466948704389;62
6.2388059701492535;27.76028946178199;67
7.417910447761197;62.06512890094992;67
7.573529411764705;45.651229148375826;68
8.117647058823529;52.46356453028969;68
7.666666666666667;50.45070422535209;72
5.8493150684931505;22.51864535768643;73
8.594202898550725;74.0093776641091;69
10.15873015873016;81.90988223246295;63
6.599999999999999;37.576811594202916;70
7.84507042253521;53.81851106639841;71
4.5588235294117645;6.697980684811244;68
6.391304347826086;44.03580562659849;69
7.731343283582088;56.50248756218905;67
6.866666666666668;45.09009009009015;75
5.140845070422535;13.60845070422537;71
5.125;12.46031746031746;64
6.640625;42.23387896825397;64
9.969696969696969;81.81445221445226;66
6.923076923076924;35.322115384615365;65
7.136363636363635;35.165734265734265;66
7.870967741935481;67.42570068746691;62
8.107692307692309;61.785096153846084;65
10.278688524590162;91.83770491803283;61
7.338461538461538;51.633653846153855;65
7.575757575757574;60.740326340326334;66
6.970149253731342;44.786974219810055;67
9.09677419354839;72.25277630883134;62
8.623188405797103;59.47357203751064;69
8.953846153846154;86.16971153846151;65
7.136363636363636;51.165734265734294;66
7.03225806451613;50.3595980962454;62
7.617647058823526;55.135206321334486;68
7.28125;47.951388888888886;64
5.9818181818181815;33.24040404040407;55
5.693548387096773;16.347170809095704;62
5.05;2.3872881355932214;60
4.9655172413793105;3.3321234119782233;58
7.838709677419353;62.95716552088839;62
7.6984126984127;60.6011264720942;63
5.719298245614036;13.848370927318312;57
5.175438596491229;13.04010025062659;57
5.728813559322034;22.821741671537122;59
6.655172413793103;38.440411373260716;58
6.292307692307694;39.77259615384621;65
5.211267605633803;17.34044265593557;71
6.507692307692307;51.066346153846084;65
5.428571428571428;13.79723502304147;63
7.097222222222221;60.17351330203451;72
7.567164179104476;49.552238805970205;67
6.8125;50.69444444444444;64
6.754098360655738;45.88852459016393;61
5.879310344827585;28.00272232304901;58
5.234375;19.356894841269842;64
6.288135593220339;41.31209818819403;59
7.615384615384617;53.49038461538461;65
5.940298507462687;31.723654454997746;67
5.603448275862068;19.89261947973384;58
6.031746031746032;29.289298515105028;63
5.484848484848484;17.145920745920776;66
7.676923076923075;59.409615384615385;65
7.52307692307692;51.19086538461527;65
5.338461538461539;24.008653846153823;65
5.855072463768115;38.06692242114232;69
4.866666666666666;11.914124293785282;60
8.151515151515149;57.91515151515149;66
6.196721311475411;26.99398907103825;61
4.8474576271186445;2.062536528345998;59
4.714285714285714;2.981566820276498;63
5.071428571428572;8.212987012987021;56
5.564516129032259;25.921998942358506;62
5.599999999999999;30.277966101694872;60
7.453125;67.80729166666667;64
6.476923076923079;38.12836538461541;65
6.661764705882354;40.734635645302845;68
6.765625;36.658482142857146;64
7.2131147540983624;52.83715846994541;61
6.677966101694914;43.22209234365877;59
7.21875;49.85615079365079;64
6.602739726027397;37.659436834094386;73
6.952380952380953;44.626728110598954;63
6.203125;34.86284722222222;64
6.308823529411763;30.63454784899038;68
6.563380281690139;42.53521126760571;71
7.129032258064519;50.40930724484399;62
5.896551724137932;31.14700544464605;58
5.363636363636364;21.00419580419583;66
5.290322580645162;7.2258064516128995;62
6.0;33.03333333333333;61
4.885245901639344;0.6699453551912578;61
5.183333333333334;13.914971751412423;60
4.793103448275862;2.307320024198428;58
5.163934426229508;17.07267759562843;61
4.887096774193548;3.3804865150713885;62
4.538461538461538;1.5024038461538454;65
5.5;25.4672131147541;62
5.0;2.2413793103448274;59
4.721311475409836;1.0043715846994528;61
5.305084745762712;4.11221507890123;59
5.0;3.8181818181818183;56
4.839285714285714;3.2646103896103926;56
4.819672131147541;1.7169398907103808;61
4.711864406779661;7.863822326125071;59
5.120689655172415;18.283424077434944;58
5.310344827586207;19.83182093163947;58
4.491228070175438;1.5758145363408487;57
4.810344827586207;3.349364791288562;58
5.066666666666666;2.8429378531073444;60
5.1;12.430508474576277;60
4.732142857142857;1.3996753246753249;56
5.2063492063492065;19.23092677931386;63
4.883333333333334;16.647175141242936;60
5.433333333333334;19.842937853107326;60
4.742424242424242;14.194172494172472;66
4.419354838709677;1.4933897408778398;62
4.596774193548387;4.67080909571656;62
5.177419354838709;17.230301427815988;62
5.53225806451613;23.0727128503437;62
5.155172413793103;1.6070780399274056;58
4.810344827586207;3.20901391409558;58
5.915254237288136;28.52717708942137;59
4.633333333333334;3.1175141242937854;60
4.557377049180328;1.6841530054644782;61
4.491525423728813;0.8059614260666291;59
5.254545454545455;13.97104377104376;55
4.919354838709678;17.813061872025383;62
6.1692307692307695;30.580288461538437;65
6.383333333333334;31.46073446327682;60
5.354838709677419;16.626123744050755;62
5.229508196721311;17.57978142076505;61
5.8392857142857135;24.282792207792202;56
4.822580645161291;15.131940772078275;62
5.171875;19.319196428571427;64
5.583333333333334;25.026836158192047;60
5.557377049180327;24.284153005464432;61
6.1;27.92203389830511;60
5.580645161290322;27.36224219989422;62
5.63076923076923;24.205288461538434;65
5.169014084507042;8.456740442655938;71
5.208955223880597;11.955676164631374;67
5.307692307692308;17.903846153846132;65
5.042253521126761;14.78390342052316;71
5.491803278688525;20.120765027322378;61
4.26984126984127;0.748591909882233;63
6.21311475409836;32.97049180327864;61
5.2666666666666675;15.31751412429378;60
4.686567164179105;8.309362279511532;67
5.873015873015873;33.0803891449053;63
5.9375;11.71031746031746;64
5.8307692307692305;26.986538461538455;65
4.9375;8.59920634920635;64
5.075757575757575;9.055710955710952;66
5.873015873015873;15.532002048131067;63
5.421875;10.057291666666666;64
4.9491525423728815;3.428404441846869;59
4.620689655172414;1.5378100423472503;58
5.5;15.32394366197183;72
6.338709677419355;24.653886832363842;62
5.283333333333334;21.25734463276837;60
6.363636363636363;31.494949494949523;55
6.722222222222223;38.242138364779905;54
4.9298245614035086;6.066416040100241;57
6.934426229508196;56.195628415300575;61
5.6;24.78644067796606;60
5.575757575757575;17.971095571095567;66
5.409836065573771;20.21256830601094;61
5.0;5.11864406779661;60
5.218181818181818;5.025589225589221;55
7.452830188679247;55.367924528301884;53
5.704918032786885;18.87814207650275;61
5.9655172413793105;29.891625615763548;29

